n0,horizon,n_retained,median_inherited,expected_count,expected_rate,expected_wilson_lo,expected_wilson_hi,opposite_count,opposite_rate,opposite_wilson_lo,opposite_wilson_hi,total_flip_rate,mean_pairwise_disagreement,exact_best_disagreement,median_endpoint_diff_prox_minus_refit,endpoint_diff_boot_lo,endpoint_diff_boot_hi,median_mismatch_diff_refit_minus_prox,mismatch_diff_boot_lo,mismatch_diff_boot_hi,no_overlap_rel_tol_0.01,no_overlap_rel_tol_0.05,no_overlap_rel_tol_0.1
5,1,100,0.03796881889629052,95,0.95,0.8882495307680808,0.9784563208456319,0,0.0,3.469446951953614e-18,0.03699349820698568,0.95,0.8319047619047616,0.99,0.025663480778694583,0.019832838140126416,0.029763730761596136,0.5456243902838374,0.46973235954621506,0.6318824677253998,0.99,0.99,0.98
5,3,100,0.09702889924089156,96,0.96,0.9016292856411208,0.9843366960084523,0,0.0,3.469446951953614e-18,0.03699349820698568,0.96,0.8228571428571427,0.99,0.06220125598994282,0.04982852550643734,0.07580205203325335,0.5272499095596511,0.40927188327714703,0.605536465218052,0.99,0.98,0.98
5,5,100,0.12938123464778542,93,0.93,0.8625048526092651,0.9656807389327273,0,0.0,3.469446951953614e-18,0.03699349820698568,0.93,0.7990476190476191,0.99,0.07957236980815652,0.06503975049691368,0.09483923961038365,0.4543646514375298,0.31111630173108296,0.5273226834205885,0.99,0.98,0.96
5,10,100,0.14792101146965886,90,0.9,0.8256343384950865,0.9447708629393249,1,0.01,0.0017674320641406505,0.054486196178705315,0.91,0.7004761904761904,0.99,0.08260165615066253,0.07400965964086642,0.09304703625539085,0.2554162999154235,0.1957313517623226,0.3224533745550766,0.98,0.97,0.92
5,20,100,0.2585720185026941,81,0.81,0.7222115462093562,0.8748524849023126,0,0.0,3.469446951953614e-18,0.03699349820698568,0.81,0.6099999999999999,0.96,0.1761143136301728,0.14893376549972848,0.20534387221788675,0.4543025086779916,0.3595384756576743,0.5627856367493236,0.96,0.94,0.89
15,1,100,0.014223798445922708,64,0.64,0.5423540245160874,0.7272877959859567,1,0.01,0.0017674320641406505,0.054486196178705315,0.65,0.6119047619047618,0.96,0.007836013032209257,0.006277184653327873,0.00885558859507875,0.08631706493209967,0.04472738127523357,0.12541772800408063,0.96,0.9,0.83
15,3,100,0.0374374431420207,59,0.59,0.4920143005341078,0.6813268697886348,0,0.0,3.469446951953614e-18,0.03699349820698568,0.59,0.5838095238095238,0.92,0.020282928284434988,0.016439676621690973,0.022689298530896386,0.08672178361420702,0.035705491211771745,0.11105377289628837,0.91,0.88,0.82
15,5,100,0.050361369162498684,57,0.57,0.47215389549212305,0.6626670147588988,0,0.0,3.469446951953614e-18,0.03699349820698568,0.57,0.5514285714285714,0.89,0.026023311727912224,0.022910858954539884,0.029927130279800745,0.06629584262798194,0.022428111437000298,0.08803518837227253,0.89,0.85,0.8
15,10,100,0.06376667797180594,62,0.62,0.5220975529551107,0.7090240074752127,1,0.01,0.0017674320641406505,0.054486196178705315,0.63,0.46571428571428575,0.87,0.02891567854781928,0.02225232315810724,0.03343793686498121,0.05988379096558283,0.014240161455677858,0.11037655798907725,0.86,0.82,0.76
15,20,100,0.10256924238474747,41,0.41,0.3186731302113651,0.5079856994658921,7,0.07,0.03431926106727268,0.137495147390735,0.48,0.3480952380952382,0.81,0.03569713926210487,0.023550274982825435,0.04480101494000932,0.050338925158159104,-0.00049382821973884,0.1301396929513176,0.78,0.74,0.68
40,1,100,0.009215170094148274,27,0.27,0.1926958414957634,0.36432116767944994,1,0.01,0.0017674320641406505,0.054486196178705315,0.28,0.31523809523809526,0.74,0.004243731105377847,0.003479451381896908,0.004698961423879511,-0.03018750519628907,-0.048379916108837295,0.004348975751491568,0.71,0.55,0.39
40,3,100,0.023561639098576906,27,0.27,0.1926958414957634,0.36432116767944994,1,0.01,0.0017674320641406505,0.054486196178705315,0.28,0.2919047619047619,0.68,0.012266078836997782,0.009690672274802557,0.01344294677281048,-0.035807045027636236,-0.060415083527192964,-0.004507299592437342,0.65,0.52,0.4
40,5,100,0.031492579908960816,28,0.28,0.20139685211186212,0.3748802870992116,0,0.0,3.469446951953614e-18,0.03699349820698568,0.28,0.28,0.67,0.017768618322481708,0.015136212695658003,0.019925174131688567,-0.05148830885378801,-0.0752987677887712,-0.007557370513739503,0.65,0.52,0.42
40,10,100,0.03958257668893857,34,0.34,0.25461520797348164,0.43722271145275377,2,0.02,0.00550196755016235,0.07001179072854388,0.36,0.29,0.71,0.01902892674155282,0.016242102009333577,0.02335411982785969,-0.028919740572932257,-0.05414654173883238,0.014018591875677555,0.68,0.64,0.51
40,20,100,0.07945185247211367,23,0.23,0.15843265880303448,0.3215438302287378,19,0.19,0.12514751509768735,0.27778845379064376,0.42,0.29333333333333333,0.76,0.01124913564360143,-0.006029652914577813,0.024190675174028134,-0.0361326212806721,-0.08160500389664246,0.03223646957518872,0.74,0.62,0.51
150,1,100,0.005444467354320208,12,0.12,0.06999406437019488,0.19812099426711421,3,0.03,0.010254524024038925,0.0845193642905276,0.15,0.11523809523809524,0.5,0.0031029552172955016,0.0018135717499244142,0.003680552630839313,-0.05781016959649474,-0.07621125495821873,-0.03803796891633843,0.42,0.27,0.08
150,3,100,0.013852679090468377,10,0.1,0.0552291370606751,0.17436566150491345,2,0.02,0.00550196755016235,0.07001179072854388,0.12,0.11999999999999998,0.46,0.009431701126749547,0.007021696724851662,0.012140088361860809,-0.06378632758995009,-0.07945446192057376,-0.044250109941012306,0.39,0.26,0.11
150,5,100,0.01901968444698112,12,0.12,0.06999406437019488,0.19812099426711421,1,0.01,0.0017674320641406505,0.054486196178705315,0.13,0.11285714285714285,0.49,0.01646391129121604,0.01219668510635228,0.018840468990667634,-0.06812196299000493,-0.09312102933209009,-0.0551360089380562,0.47,0.29,0.14
150,10,100,0.026828847886230044,27,0.27,0.1926958414957634,0.36432116767944994,0,0.0,3.469446951953614e-18,0.03699349820698568,0.27,0.15238095238095237,0.49,0.01856979305508783,0.015099021518142436,0.020994204774215052,-0.04679972842631305,-0.07129630211836419,-0.010768993510084035,0.44,0.27,0.15
150,20,100,0.06416066157028884,13,0.13,0.07757167427240512,0.20980351440076428,12,0.12,0.06999406437019488,0.19812099426711421,0.25,0.20571428571428566,0.55,0.013601907214680374,0.00013159180707755097,0.020419646166148886,-0.06143893358588501,-0.12392980151601563,0.003979149771178858,0.53,0.43,0.28
500,1,100,0.0040804049305476235,6,0.06,0.027786123963188192,0.1247681544589592,1,0.01,0.0017674320641406505,0.054486196178705315,0.07,0.07619047619047618,0.31,0.0036468482251302936,0.0031902300828945095,0.004245625461261768,-0.08397278303135255,-0.11540051184828976,-0.06674850601299342,0.29,0.2,0.11
500,3,100,0.010372941269739668,7,0.07,0.03431926106727268,0.137495147390735,0,0.0,3.469446951953614e-18,0.03699349820698568,0.07,0.08523809523809522,0.39,0.011922030411293479,0.009322657148216874,0.012926090641849797,-0.09106485257741297,-0.12813448835882224,-0.07175589696001566,0.35,0.17,0.1
500,5,100,0.014394168503284063,7,0.07,0.03431926106727268,0.137495147390735,0,0.0,3.469446951953614e-18,0.03699349820698568,0.07,0.08809523809523806,0.44,0.019053243647537875,0.015561560333002284,0.02090566947018458,-0.1093083535317444,-0.1395247518716785,-0.07622484759873788,0.41,0.26,0.14
500,10,100,0.022107771124537465,15,0.15,0.0930598528365663,0.23283559590832364,1,0.01,0.0017674320641406505,0.054486196178705315,0.16,0.12238095238095237,0.43,0.019985822111746966,0.01643874704122046,0.02179559076461661,-0.07846890414944821,-0.106201751394605,-0.04354306448081757,0.4,0.29,0.19
500,20,100,0.053726364489584184,6,0.06,0.027786123963188192,0.1247681544589592,21,0.21,0.141656540619153,0.29979968834089865,0.27,0.1928571428571428,0.49,0.007756025645273321,-0.002516474552954756,0.022770723312296723,-0.09381445866468108,-0.13259494836576327,-0.062224823496814796,0.48,0.42,0.36
