n0,rule,median_cos_h1,q25,q75
5,refit,-0.9674291791213537,-0.9861046628695339,-0.9285487453768916
5,replay,-0.9169128300153537,-0.9613113893667713,-0.8173800361023993
5,proximal-0.0001,-0.9545113917860248,-0.9793750996969839,-0.8980939164264118
5,proximal-0.001,-0.9313339598444599,-0.9714298000600902,-0.8629732374207941
5,proximal-0.01,-0.8083382502671882,-0.8728930557628425,-0.7023380425608519
5,proximal-0.1,-0.5002511174662327,-0.6497914984204061,-0.27707592068537734
5,proximal-1,-0.36209037986905157,-0.5521148489379184,-0.16881867718678759
15,refit,-0.8041235060072669,-0.8710084031111359,-0.6667023263415305
15,replay,-0.609864849160112,-0.7124692111492998,-0.49501225927823456
15,proximal-0.0001,-0.754699501257475,-0.8445084848101347,-0.619582872625501
15,proximal-0.001,-0.6430916049019321,-0.7744062490678373,-0.47498470061367354
15,proximal-0.01,-0.5043904734459397,-0.6563499077499928,-0.3284338883387468
15,proximal-0.1,-0.2632745167537517,-0.4593841533636407,-0.10935599663284418
15,proximal-1,-0.22770085211218546,-0.37457103538469494,-0.06870468919248376
40,refit,-0.53636156500909,-0.6951454200003562,-0.3751517599191824
40,replay,-0.45501826957114766,-0.5591932766273788,-0.24783492354955225
40,proximal-0.0001,-0.5180786329475582,-0.6463895562147117,-0.3347898305194619
40,proximal-0.001,-0.46265821256920364,-0.5781039417821723,-0.25486709747173764
40,proximal-0.01,-0.3782218693934566,-0.5208474458738476,-0.22490448205559985
40,proximal-0.1,-0.31336522280524765,-0.4485746357678778,-0.07432198340893721
40,proximal-1,-0.14621582342796555,-0.33166656442013936,-0.008793011156327114
150,refit,-0.3215465227620138,-0.44613193143013263,-0.20502923060196507
150,replay,-0.21474612180330108,-0.3542403956078226,-0.06050688732995341
150,proximal-0.0001,-0.28728464397113995,-0.4896539641543254,-0.14372026495405216
150,proximal-0.001,-0.3013142831103836,-0.4576129397496034,-0.1310984049212173
150,proximal-0.01,-0.3481569988683948,-0.48194448280592195,-0.13853215328542196
150,proximal-0.1,-0.44026157127103094,-0.5448231676516058,-0.28583497056885937
150,proximal-1,-0.11806794874963755,-0.31198113683146333,0.10129520707202157
500,refit,-0.2329341674946111,-0.389802838834892,-0.057943056508267546
500,replay,-0.11262449344200474,-0.2781498757438988,0.059633117379267006
500,proximal-0.0001,-0.3322897108707923,-0.4866704070339064,-0.18392463595732245
500,proximal-0.001,-0.3422921948796564,-0.4861871878840416,-0.18737751738756225
500,proximal-0.01,-0.36077386602764616,-0.51272032782256,-0.1688521774040078
500,proximal-0.1,-0.365279715215993,-0.5018199922651699,-0.18451528952546425
500,proximal-1,0.047254342938074206,-0.11672161812403674,0.20633637890881815
