n0,rule,horizon,median_endpoint,median_inherited,median_mismatch,n_retained
5,refit,1,0.009690388929830221,0.03796881889629052,1.0642972951880432,100
5,refit,3,0.0234518161940905,0.09702889924089156,1.0141689060157062,100
5,refit,5,0.029816351354081602,0.12938123464778542,0.9725025734288238,100
5,refit,10,0.039516066682937404,0.14792101146965886,0.9844792243764866,100
5,refit,20,0.09571449149552977,0.2585720185026941,1.089221962777025,100
5,replay,1,0.015764221467640935,0.03796881889629052,1.013424796198588,100
5,replay,3,0.038730894716678524,0.09702889924089156,0.9859676871688707,100
5,replay,5,0.050287294535649105,0.12938123464778542,0.9387894447450812,100
5,replay,10,0.06116640903438709,0.14792101146965886,0.9500212460349988,100
5,replay,20,0.1449828699155552,0.2585720185026941,1.1458911020683864,100
5,proximal-0.0001,1,0.011057728291726174,0.03796881889629052,1.058764816544623,100
5,proximal-0.0001,3,0.026845884032389862,0.09702889924089156,0.995631894111964,100
5,proximal-0.0001,5,0.03391359176066257,0.12938123464778542,0.9477113811196092,100
5,proximal-0.0001,10,0.04191623103979487,0.14792101146965886,0.9752961001015212,100
5,proximal-0.0001,20,0.09329227618648642,0.2585720185026941,1.1026939654635266,100
5,proximal-0.001,1,0.013531518675977636,0.03796881889629052,0.9587313194010383,100
5,proximal-0.001,3,0.03218957213499722,0.09702889924089156,0.912689538553358,100
5,proximal-0.001,5,0.04084660526006388,0.12938123464778542,0.880062927494065,100
5,proximal-0.001,10,0.05118224293078537,0.14792101146965886,0.8897372930917238,100
5,proximal-0.001,20,0.10912474424401926,0.2585720185026941,1.0723290345272902,100
5,proximal-0.01,1,0.02179162735203386,0.03796881889629052,0.6953563494734663,100
5,proximal-0.01,3,0.05360841551105601,0.09702889924089156,0.6662320585200244,100
5,proximal-0.01,5,0.0672356152833067,0.12938123464778542,0.6725192291655574,100
5,proximal-0.01,10,0.07939938632177294,0.14792101146965886,0.7564502611942231,100
5,proximal-0.01,20,0.1668880125683878,0.2585720185026941,0.9370758108816201,100
5,proximal-0.1,1,0.03296928985273671,0.03796881889629052,0.565280475792671,100
5,proximal-0.1,3,0.07768868213766847,0.09702889924089156,0.5495448138955081,100
5,proximal-0.1,5,0.1006492262588777,0.12938123464778542,0.532783940793924,100
5,proximal-0.1,10,0.1180098662874365,0.14792101146965886,0.6523814795350339,100
5,proximal-0.1,20,0.24312935105843075,0.2585720185026941,0.8678876911645912,100
5,proximal-1,1,0.035092372975099706,0.03796881889629052,0.556906793099198,100
5,proximal-1,3,0.0872197002881776,0.09702889924089156,0.5540131394575221,100
5,proximal-1,5,0.112010680908254,0.12938123464778542,0.5771832335819566,100
5,proximal-1,10,0.1283133925354265,0.14792101146965886,0.6433170150322427,100
5,proximal-1,20,0.2680842966386948,0.2585720185026941,0.7531569252759531,100
15,refit,1,0.009690388929830221,0.014223798445922708,0.44444085504363534,100
15,refit,3,0.0234518161940905,0.0374374431420207,0.41896346397808987,100
15,refit,5,0.029816351354081602,0.050361369162498684,0.41166812701224503,100
15,refit,10,0.039516066682937404,0.06376667797180594,0.4796858718774232,100
15,refit,20,0.09571449149552977,0.10256924238474747,0.5474378258115099,100
15,replay,1,0.013972715569465118,0.014223798445922708,0.4650140996815644,100
15,replay,3,0.03527254250167286,0.0374374431420207,0.44980001320288443,100
15,replay,5,0.046090479943478764,0.050361369162498684,0.4531134796078561,100
15,replay,10,0.05935018853493968,0.06376667797180594,0.541898418002265,100
15,replay,20,0.12533527405479655,0.10256924238474747,0.6214338163120213,100
15,proximal-0.0001,1,0.010437962507313927,0.014223798445922708,0.3944324223906053,100
15,proximal-0.0001,3,0.025787106037262177,0.0374374431420207,0.3905189253699177,100
15,proximal-0.0001,5,0.03264668616353314,0.050361369162498684,0.3949777700507058,100
15,proximal-0.0001,10,0.03869656513457291,0.06376667797180594,0.4719328759395106,100
15,proximal-0.0001,20,0.09191124227191229,0.10256924238474747,0.5256189205137265,100
15,proximal-0.001,1,0.011714194633308276,0.014223798445922708,0.35423186259488904,100
15,proximal-0.001,3,0.028217661036825582,0.0374374431420207,0.35347875598701634,100
15,proximal-0.001,5,0.03596667515176257,0.050361369162498684,0.35769782149469975,100
15,proximal-0.001,10,0.04538886030997956,0.06376667797180594,0.4524268605723033,100
15,proximal-0.001,20,0.10242656289618086,0.10256924238474747,0.5415443359778865,100
15,proximal-0.01,1,0.01330230621236421,0.014223798445922708,0.3253173388981967,100
15,proximal-0.01,3,0.031323928049662386,0.0374374431420207,0.3189086386379326,100
15,proximal-0.01,5,0.0399221454938233,0.050361369162498684,0.325353520212293,100
15,proximal-0.01,10,0.04773186854147353,0.06376667797180594,0.3828662031261709,100
15,proximal-0.01,20,0.1027534591492685,0.10256924238474747,0.4601087970000175,100
15,proximal-0.1,1,0.015076680515881683,0.014223798445922708,0.26727698712843156,100
15,proximal-0.1,3,0.036197056753138196,0.0374374431420207,0.26220427611369485,100
15,proximal-0.1,5,0.04517330344714789,0.050361369162498684,0.2623328133490277,100
15,proximal-0.1,10,0.056150642058561184,0.06376667797180594,0.3357013256411639,100
15,proximal-0.1,20,0.1124522722523837,0.10256924238474747,0.3843677190571977,100
15,proximal-1,1,0.01714218178317057,0.014223798445922708,0.3699333419904234,100
15,proximal-1,3,0.04314787228502877,0.0374374431420207,0.36474229567274563,100
15,proximal-1,5,0.05568401070151759,0.050361369162498684,0.37994448396937186,100
15,proximal-1,10,0.06718814926149269,0.06376667797180594,0.4139462809684441,100
15,proximal-1,20,0.13158171410560415,0.10256924238474747,0.5185481510993561,100
40,refit,1,0.009690388929830221,0.009215170094148274,0.33094771260397693,100
40,refit,3,0.0234518161940905,0.023561639098576906,0.321992032768738,100
40,refit,5,0.029816351354081602,0.031492579908960816,0.3185209903985058,100
40,refit,10,0.039516066682937404,0.03958257668893857,0.36450098053220026,100
40,refit,20,0.09571449149552977,0.07945185247211367,0.419144536394345,100
40,replay,1,0.012200185116009774,0.009215170094148274,0.3791537137327356,100
40,replay,3,0.031235587655803483,0.023561639098576906,0.3762375189141951,100
40,replay,5,0.04200993144512874,0.031492579908960816,0.3749098215842312,100
40,replay,10,0.052342116573001536,0.03958257668893857,0.43482218077265644,100
40,replay,20,0.11072793420560231,0.07945185247211367,0.5682026451430315,100
40,proximal-0.0001,1,0.009568201118887273,0.009215170094148274,0.26539975491355755,100
40,proximal-0.0001,3,0.022786756409058223,0.023561639098576906,0.26868471891186085,100
40,proximal-0.0001,5,0.028626819293930787,0.031492579908960816,0.26213164438160197,100
40,proximal-0.0001,10,0.03591197040550753,0.03958257668893857,0.310208927999877,100
40,proximal-0.0001,20,0.08505473697483901,0.07945185247211367,0.40577841879324483,100
40,proximal-0.001,1,0.010186036003779125,0.009215170094148274,0.2515943531525223,100
40,proximal-0.001,3,0.024388197928628966,0.023561639098576906,0.2537394307777713,100
40,proximal-0.001,5,0.031060857959737887,0.031492579908960816,0.25379277139486045,100
40,proximal-0.001,10,0.038993515775585005,0.03958257668893857,0.3117153862083335,100
40,proximal-0.001,20,0.09076251680162432,0.07945185247211367,0.4258484469228164,100
40,proximal-0.01,1,0.01025746316429333,0.009215170094148274,0.23186614190599797,100
40,proximal-0.01,3,0.02453806304771611,0.023561639098576906,0.2332430542213625,100
40,proximal-0.01,5,0.03037024487389109,0.031492579908960816,0.23823564703470504,100
40,proximal-0.01,10,0.04036557111435181,0.03958257668893857,0.3137215982290686,100
40,proximal-0.01,20,0.09539095236988646,0.07945185247211367,0.39555786970258444,100
40,proximal-0.1,1,0.010270552991785756,0.009215170094148274,0.22780211579941678,100
40,proximal-0.1,3,0.024454655597332828,0.023561639098576906,0.22851390550997858,100
40,proximal-0.1,5,0.03076000515439358,0.031492579908960816,0.22943495203626102,100
40,proximal-0.1,10,0.04100043484205605,0.03958257668893857,0.27431875317993715,100
40,proximal-0.1,20,0.08709883533432217,0.07945185247211367,0.3616867929180392,100
40,proximal-1,1,0.014311814540353206,0.009215170094148274,0.3370125747017746,100
40,proximal-1,3,0.03662345258745351,0.023561639098576906,0.33636719576236407,100
40,proximal-1,5,0.04868686871360492,0.031492579908960816,0.3460925080486148,100
40,proximal-1,10,0.05855617665877796,0.03958257668893857,0.37265507563828637,100
40,proximal-1,20,0.11066157402978882,0.07945185247211367,0.4657360414468894,100
150,refit,1,0.009690388929830221,0.005444467354320208,0.29385628378011536,100
150,refit,3,0.0234518161940905,0.013852679090468377,0.28403106909615683,100
150,refit,5,0.029816351354081602,0.01901968444698112,0.2765580670283385,100
150,refit,10,0.039516066682937404,0.026828847886230044,0.31103945886127937,100
150,refit,20,0.09571449149552977,0.06416066157028884,0.405186563437573,100
150,replay,1,0.012377905773479522,0.005444467354320208,0.36537083491945366,100
150,replay,3,0.03108640877501203,0.013852679090468377,0.35479540172706314,100
150,replay,5,0.041907408942799665,0.01901968444698112,0.34900275970627004,100
150,replay,10,0.053300342128053,0.026828847886230044,0.4094650650198933,100
150,replay,20,0.1408492300677321,0.06416066157028884,0.5960545905291507,100
150,proximal-0.0001,1,0.006765075015631689,0.005444467354320208,0.18624122717457212,100
150,proximal-0.0001,3,0.016362774769070873,0.013852679090468377,0.1819772734923304,100
150,proximal-0.0001,5,0.02209918066153911,0.01901968444698112,0.18513330716080056,100
150,proximal-0.0001,10,0.03148403235577596,0.026828847886230044,0.23368172483166977,100
150,proximal-0.0001,20,0.08115019398454648,0.06416066157028884,0.343143127013649,100
150,proximal-0.001,1,0.006664431035460127,0.005444467354320208,0.17980519529516747,100
150,proximal-0.001,3,0.015895914363451252,0.013852679090468377,0.17908224286894886,100
150,proximal-0.001,5,0.021237855007441027,0.01901968444698112,0.18129733868440695,100
150,proximal-0.001,10,0.030945326278559747,0.026828847886230044,0.2269291098180113,100
150,proximal-0.001,20,0.07934893243623964,0.06416066157028884,0.3433268869170827,100
150,proximal-0.01,1,0.0061505694876248344,0.005444467354320208,0.15950039419841233,100
150,proximal-0.01,3,0.014546574756986022,0.013852679090468377,0.1558400725048344,100
150,proximal-0.01,5,0.019514650008629245,0.01901968444698112,0.15315481431293512,100
150,proximal-0.01,10,0.028994373760923745,0.026828847886230044,0.21163745516572313,100
150,proximal-0.01,20,0.07602076850443884,0.06416066157028884,0.32151765070372385,100
150,proximal-0.1,1,0.006095402234197276,0.005444467354320208,0.1697002044857633,100
150,proximal-0.1,3,0.014679884320563417,0.013852679090468377,0.1681092923054362,100
150,proximal-0.1,5,0.020088510938054832,0.01901968444698112,0.17482045743732447,100
150,proximal-0.1,10,0.029993552039874843,0.026828847886230044,0.21075400454952076,100
150,proximal-0.1,20,0.06941441422032389,0.06416066157028884,0.28125357226944475,100
150,proximal-1,1,0.013091573560183067,0.005444467354320208,0.3621517234842578,100
150,proximal-1,3,0.03432091230200575,0.013852679090468377,0.3582780035717664,100
150,proximal-1,5,0.04718084324949154,0.01901968444698112,0.35699721762241154,100
150,proximal-1,10,0.05604126794049397,0.026828847886230044,0.35982441444501934,100
150,proximal-1,20,0.106077823625811,0.06416066157028884,0.4670394916760861,100
500,refit,1,0.009690388929830221,0.0040804049305476235,0.28994972277603415,100
500,refit,3,0.0234518161940905,0.010372941269739668,0.2821626854245628,100
500,refit,5,0.029816351354081602,0.014394168503284063,0.26718127390402424,100
500,refit,10,0.039516066682937404,0.022107771124537465,0.3031437515721755,100
500,refit,20,0.09571449149552977,0.053726364489584184,0.36455350712924983,100
500,replay,1,0.012465102790818337,0.0040804049305476235,0.3605568412729818,100
500,replay,3,0.03145435626680305,0.010372941269739668,0.3555369660499401,100
500,replay,5,0.04194652304685766,0.014394168503284063,0.35478861884197865,100
500,replay,10,0.05315930890248912,0.022107771124537465,0.3970558505292731,100
500,replay,20,0.12161445342072777,0.053726364489584184,0.5083745180919592,100
500,proximal-0.0001,1,0.0056164029254981065,0.0040804049305476235,0.15035475098616097,100
500,proximal-0.0001,3,0.013661014751211554,0.010372941269739668,0.15674384367761446,100
500,proximal-0.0001,5,0.0192906489213023,0.014394168503284063,0.16401088451215223,100
500,proximal-0.0001,10,0.027306668674406377,0.022107771124537465,0.20244094994068793,100
500,proximal-0.0001,20,0.07643253495715219,0.053726364489584184,0.2955955819382993,100
500,proximal-0.001,1,0.0053390438917303665,0.0040804049305476235,0.14029140471261892,100
500,proximal-0.001,3,0.01332029680451056,0.010372941269739668,0.14539819353224792,100
500,proximal-0.001,5,0.01866555381294429,0.014394168503284063,0.1518836400876377,100
500,proximal-0.001,10,0.026245286736194577,0.022107771124537465,0.20168541079659547,100
500,proximal-0.001,20,0.07569321496391165,0.053726364489584184,0.29672653099338486,100
500,proximal-0.01,1,0.004710184562690685,0.0040804049305476235,0.13139712096810113,100
500,proximal-0.01,3,0.01178023339626816,0.010372941269739668,0.13190688300445852,100
500,proximal-0.01,5,0.016620690074379878,0.014394168503284063,0.1357172297146032,100
500,proximal-0.01,10,0.02500968685084528,0.022107771124537465,0.186748296781381,100
500,proximal-0.01,20,0.07092277939798236,0.053726364489584184,0.2696856266557529,100
500,proximal-0.1,1,0.004586409833884699,0.0040804049305476235,0.11658290097233705,100
500,proximal-0.1,3,0.011779662092120486,0.010372941269739668,0.11645584789463662,100
500,proximal-0.1,5,0.016557839185997007,0.014394168503284063,0.12114038874128569,100
500,proximal-0.1,10,0.025135534896989335,0.022107771124537465,0.15294483877660478,100
500,proximal-0.1,20,0.059099438666689985,0.053726364489584184,0.2202702234820364,100
500,proximal-1,1,0.013702719016817046,0.0040804049305476235,0.38538176637178345,100
500,proximal-1,3,0.03617030837453755,0.010372941269739668,0.38284681365431955,100
500,proximal-1,5,0.049373883764317256,0.014394168503284063,0.38286076487938653,100
500,proximal-1,10,0.05835464002175235,0.022107771124537465,0.3813122238644745,100
500,proximal-1,20,0.10706700753459565,0.053726364489584184,0.46894825475975255,100
